{
 "ETH": 706898580.967068,
 "USDT": 0.0,
 "USDC": 1552767797.08405,
 "XRP": 170903722.78995,
 "TRX": 29793824.06271,
 "DOGE": 63308180.69942,
 "ZEC": 228061702.6322,
 "ADA": 30235705.75623,
 "LINK": 15778592.17664,
 "BCH": 19200599.6638,
 "DAI": 0.0,
 "TON": 16735639.62994,
 "USD1": 258913192.79557,
 "USDE": 2864069.7331,
 "M": 0.0,
 "LTC": 14128809.12305,
 "AVAX": 15008504.98429,
 "SHIB": 5537723.80240144,
 "XAUT": 55769436.640219,
 "WLFI": 9423107.55026,
 "H": 0.0,
 "DOT": 6768357.57339,
 "UNI": 44748286.3014,
 "ASTER": 15747973.67292,
 "DEXE": 2062808.07251,
 "USDD": 0.0,
 "ETC": 1961841.2961,
 "AAVE": 13575432.57683,
 "ATOM": 2170255.41216,
 "U": 11978581.5347,
 "STABLE": 0.0,
 "FIL": 5801405.70438,
 "INJ": 18690436.96309,
 "NIGHT": 14482247.40223,
 "FET": 15350437.006,
 "TUSD": 30053.2736,
 "BONK": 4545288.96843351,
 "PENGU": 9053583.117187,
 "CAKE": 1557892.33323,
 "SIREN": 0.0,
 "LUNC": 2495396.48534334,
 "ZRO": 13362485.37715,
 "KITE": 922869.09802,
 "FDUSD": 19472770.8869,
 "BEAT": 0.0,
 "PIEVERSE": 0.0,
 "BTT": 0.0,
 "NFT": 0.0,
 "EDGE": 0.0,
 "FLOKI": 1619475.70780449,
 "LDO": 3003392.890345,
 "B": 0.0,
 "FF": 1502013.421046,
 "PENDLE": 3847682.2127,
 "NEX": 0.0,
 "STG": 9660720.48555,
 "AXS": 1197454.12499,
 "TWT": 302262.2814,
 "HOME": 7904272.3438,
 "RAY": 1124994.3361,
 "COMP": 635899.56389,
 "GWEI": 0.0,
 "XCN": 0.0,
 "GENIUS": 3517963.28823,
 "XPL": 20196244.79591,
 "BAT": 363333.1477,
 "SKYAI": 0.0,
 "APE": 904076.46042,
 "IP": 0.0,
 "SFP": 163030.6805,
 "TAG": 0.0,
 "NXPC": 655186.0907,
 "AB": 0.0,
 "SAHARA": 2697900.30923,
 "1INCH": 547678.9175,
 "CHEEMS": 0.0,
 "BANANAS31": 2638308.126383,
 "RIVER": 0.0,
 "MYX": 0.0,
 "RAVE": 0.0,
 "SNX": 399471.8104,
 "FORM": 674559.84038,
 "LAB": 0.0,
 "HTX": 0.0,
 "USDF": 0.0,
 "CTM": 0.0,
 "BDX": 0.0,
 "SLX": 0.0,
 "UB": 0.0,
 "DUCKY": 0.0,
 "FRAX": 314756.51347,
 "BILL": 0.0,
 "WFI": 0.0,
 "KOGE": 0.0,
 "ALE": 0.0,
 "FRXUSD": 0.0,
 "GOMINING": 0.0,
 "VCNT": 0.0,
 "GUA": 0.0,
 "DUSD": 0.0,
 "SMILEK": 0.0,
 "0G": 1499341.4764,
 "BEAM": 739250.4197,
 "MY": 0.0,
 "SOON": 0.0,
 "REAL": 0.0,
 "Q": 0.0,
 "AIOZ": 0.0,
 "ZIG": 0.0,
 "YFI": 424445.61081,
 "TAC": 0.0,
 "LISUSD": 0.0,
 "CYS": 0.0,
 "ZAMA": 4449988.02698,
 "TRIA": 0.0,
 "HUMA": 669134.07277,
 "PLUME": 1486304.93085,
 "ZIL": 225089.04488,
 "XPR": 0.0,
 "ZETA": 0.0,
 "BABYDOGE": 0.0,
 "NILA": 0.0,
 "ROSE": 1815795.579059,
 "VELO": 0.0,
 "UAI": 0.0,
 "BRETT": 0.0,
 "OPEN": 2055430.36368,
 "BSB": 0.0,
 "TOSHI": 0.0,
 "BAS": 0.0,
 "ACH": 650270.2579,
 "AXL": 279402.165857,
 "LUR": 0.0,
 "ELF": 636799.68008,
 "KAVA": 500304.082873,
 "APR": 0.0,
 "IRYS": 0.0,
 "EURI": 1111093.04644,
 "XUSD": 2554807.4756,
 "BARD": 336485.69755,
 "DUSK": 342811.9508,
 "SUSHI": 1017095.01481,
 "PEAQ": 0.0,
 "COAI": 0.0,
 "BDCA": 0.0,
 "XAUM": 0.0
}